{"cameraMode":{"drawMode":0,"name":"Shaded","section":"Shading Mode"},"sceneLighting":true,"audioPlay":false,"sceneViewState":{"m_AlwaysRefresh":false,"showFog":true,"showSkybox":true,"showFlares":true,"showImageEffects":true,"showParticleSystems":true,"showVisualEffectGraphs":true,"m_FxEnabled":true},"in2DMode":false,"pivot":{"x":1.354026436805725,"y":0.30800965428352358,"z":-47.96979522705078},"rotation":{"x":0.07826348394155503,"y":0.7159796953201294,"z":-0.08131752908229828,"w":0.6889726519584656},"size":3.0205612182617189,"orthographic":false}